,elite_avg,evals,max,mean,median
0,10.924537148215512,355.0,10.766666666666689,7.511864989302956,7.5556832694763845
1,11.667844522968219,815.0,14.891803278688524,12.814070264774003,13.70257787325458
