,elite_avg,evals,max,mean,median
0,5.062917617763029,176.0,5.07272727272728,4.332636936316314,4.313458341225252
1,4.553832486731517,352.0,4.917437722419937,4.7276484239425365,4.817889462084937
